<?xml version="1.0" encoding="UTF-8"?>

<SGL-BMF version="1.00">
  <name>consolas-14</name>
  <size>14</size>
  <italic>0</italic>
  <bold>0</bold>
  <block x="1" y="1" w="5" h="22" xoffs="1"/>
  <yoffs>23</yoffs>
  <chars>97</chars>
  <char code="32" x="6" y="1" w="5" h="22" xoffs="1"/>
  <char code="33" x="11" y="1" w="6" h="22" xoffs="1"/>
  <char code="34" x="17" y="1" w="7" h="22" xoffs="1"/>
  <char code="35" x="24" y="1" w="11" h="22" xoffs="1"/>
  <char code="36" x="35" y="1" w="11" h="22" xoffs="1"/>
  <char code="37" x="46" y="1" w="17" h="22" xoffs="1"/>
  <char code="38" x="63" y="1" w="13" h="22" xoffs="1"/>
  <char code="39" x="76" y="1" w="4" h="22" xoffs="1"/>
  <char code="40" x="80" y="1" w="6" h="22" xoffs="1"/>
  <char code="41" x="86" y="1" w="6" h="22" xoffs="1"/>
  <char code="42" x="92" y="1" w="7" h="22" xoffs="1"/>
  <char code="43" x="99" y="1" w="11" h="22" xoffs="1"/>
  <char code="44" x="110" y="1" w="5" h="22" xoffs="1"/>
  <char code="45" x="115" y="1" w="6" h="22" xoffs="1"/>
  <char code="46" x="121" y="1" w="5" h="22" xoffs="1"/>
  <char code="47" x="126" y="1" w="5" h="22" xoffs="1"/>
  <char code="48" x="131" y="1" w="11" h="22" xoffs="1"/>
  <char code="49" x="142" y="1" w="11" h="22" xoffs="1"/>
  <char code="50" x="153" y="1" w="11" h="22" xoffs="1"/>
  <char code="51" x="164" y="1" w="11" h="22" xoffs="1"/>
  <char code="52" x="175" y="1" w="11" h="22" xoffs="1"/>
  <char code="53" x="1" y="23" w="11" h="22" xoffs="1"/>
  <char code="54" x="12" y="23" w="11" h="22" xoffs="1"/>
  <char code="55" x="23" y="23" w="11" h="22" xoffs="1"/>
  <char code="56" x="34" y="23" w="11" h="22" xoffs="1"/>
  <char code="57" x="45" y="23" w="11" h="22" xoffs="1"/>
  <char code="58" x="56" y="23" w="5" h="22" xoffs="1"/>
  <char code="59" x="61" y="23" w="5" h="22" xoffs="1"/>
  <char code="60" x="66" y="23" w="11" h="22" xoffs="1"/>
  <char code="61" x="77" y="23" w="11" h="22" xoffs="1"/>
  <char code="62" x="88" y="23" w="11" h="22" xoffs="1"/>
  <char code="63" x="99" y="23" w="11" h="22" xoffs="1"/>
  <char code="64" x="110" y="23" w="19" h="22" xoffs="1"/>
  <char code="65" x="129" y="23" w="13" h="22" xoffs="1"/>
  <char code="66" x="142" y="23" w="13" h="22" xoffs="1"/>
  <char code="67" x="155" y="23" w="14" h="22" xoffs="1"/>
  <char code="68" x="169" y="23" w="14" h="22" xoffs="1"/>
  <char code="69" x="1" y="45" w="13" h="22" xoffs="1"/>
  <char code="70" x="14" y="45" w="12" h="22" xoffs="1"/>
  <char code="71" x="26" y="45" w="15" h="22" xoffs="1"/>
  <char code="72" x="41" y="45" w="13" h="22" xoffs="1"/>
  <char code="73" x="54" y="45" w="6" h="22" xoffs="1"/>
  <char code="74" x="60" y="45" w="10" h="22" xoffs="1"/>
  <char code="75" x="70" y="45" w="13" h="22" xoffs="1"/>
  <char code="76" x="83" y="45" w="11" h="22" xoffs="1"/>
  <char code="77" x="94" y="45" w="15" h="22" xoffs="1"/>
  <char code="78" x="109" y="45" w="13" h="22" xoffs="1"/>
  <char code="79" x="122" y="45" w="15" h="22" xoffs="1"/>
  <char code="80" x="137" y="45" w="13" h="22" xoffs="1"/>
  <char code="81" x="150" y="45" w="15" h="22" xoffs="1"/>
  <char code="82" x="165" y="45" w="14" h="22" xoffs="1"/>
  <char code="83" x="179" y="45" w="13" h="22" xoffs="1"/>
  <char code="84" x="1" y="67" w="12" h="22" xoffs="1"/>
  <char code="85" x="13" y="67" w="13" h="22" xoffs="1"/>
  <char code="86" x="26" y="67" w="13" h="22" xoffs="1"/>
  <char code="87" x="39" y="67" w="19" h="22" xoffs="1"/>
  <char code="88" x="58" y="67" w="13" h="22" xoffs="1"/>
  <char code="89" x="71" y="67" w="12" h="22" xoffs="1"/>
  <char code="90" x="83" y="67" w="12" h="22" xoffs="1"/>
  <char code="91" x="95" y="67" w="5" h="22" xoffs="1"/>
  <char code="92" x="100" y="67" w="5" h="22" xoffs="1"/>
  <char code="93" x="105" y="67" w="5" h="22" xoffs="1"/>
  <char code="94" x="110" y="67" w="7" h="22" xoffs="1"/>
  <char code="95" x="117" y="67" w="11" h="22" xoffs="1"/>
  <char code="96" x="128" y="67" w="6" h="22" xoffs="1"/>
  <char code="97" x="134" y="67" w="10" h="22" xoffs="1"/>
  <char code="98" x="144" y="67" w="11" h="22" xoffs="1"/>
  <char code="99" x="155" y="67" w="10" h="22" xoffs="1"/>
  <char code="100" x="165" y="67" w="11" h="22" xoffs="1"/>
  <char code="101" x="176" y="67" w="11" h="22" xoffs="1"/>
  <char code="102" x="1" y="89" w="6" h="22" xoffs="1"/>
  <char code="103" x="7" y="89" w="11" h="22" xoffs="1"/>
  <char code="104" x="18" y="89" w="10" h="22" xoffs="1"/>
  <char code="105" x="28" y="89" w="4" h="22" xoffs="1"/>
  <char code="106" x="32" y="89" w="4" h="22" xoffs="1"/>
  <char code="107" x="36" y="89" w="9" h="22" xoffs="1"/>
  <char code="108" x="45" y="89" w="4" h="22" xoffs="1"/>
  <char code="109" x="49" y="89" w="16" h="22" xoffs="1"/>
  <char code="110" x="65" y="89" w="10" h="22" xoffs="1"/>
  <char code="111" x="75" y="89" w="11" h="22" xoffs="1"/>
  <char code="112" x="86" y="89" w="11" h="22" xoffs="1"/>
  <char code="113" x="97" y="89" w="11" h="22" xoffs="1"/>
  <char code="114" x="108" y="89" w="6" h="22" xoffs="1"/>
  <char code="115" x="114" y="89" w="10" h="22" xoffs="1"/>
  <char code="116" x="124" y="89" w="5" h="22" xoffs="1"/>
  <char code="117" x="129" y="89" w="10" h="22" xoffs="1"/>
  <char code="118" x="139" y="89" w="9" h="22" xoffs="1"/>
  <char code="119" x="148" y="89" w="13" h="22" xoffs="1"/>
  <char code="120" x="161" y="89" w="9" h="22" xoffs="1"/>
  <char code="121" x="170" y="89" w="9" h="22" xoffs="1"/>
  <char code="122" x="179" y="89" w="9" h="22" xoffs="1"/>
  <char code="123" x="1" y="111" w="6" h="22" xoffs="1"/>
  <char code="124" x="7" y="111" w="6" h="22" xoffs="1"/>
  <char code="125" x="13" y="111" w="6" h="22" xoffs="1"/>
  <char code="126" x="19" y="111" w="11" h="22" xoffs="1"/>
  <char code="127" x="30" y="111" w="14" h="22" xoffs="1"/>
  <char code="128" x="44" y="111" w="0" h="22" xoffs="1"/>
</SGL-BMF>
