<?xml version="1.0" encoding="UTF-8"?>

<SGL-BMF version="1.00">
  <name>consolas-8</name>
  <size>8</size>
  <italic>0</italic>
  <bold>0</bold>
  <block x="1" y="1" w="3" h="14" xoffs="1"/>
  <yoffs>15</yoffs>
  <chars>97</chars>
  <char code="32" x="4" y="1" w="3" h="14" xoffs="1"/>
  <char code="33" x="7" y="1" w="2" h="14" xoffs="1"/>
  <char code="34" x="9" y="1" w="4" h="14" xoffs="1"/>
  <char code="35" x="13" y="1" w="6" h="14" xoffs="1"/>
  <char code="36" x="19" y="1" w="6" h="14" xoffs="1"/>
  <char code="37" x="25" y="1" w="10" h="14" xoffs="1"/>
  <char code="38" x="35" y="1" w="7" h="14" xoffs="1"/>
  <char code="39" x="42" y="1" w="2" h="14" xoffs="1"/>
  <char code="40" x="44" y="1" w="4" h="14" xoffs="1"/>
  <char code="41" x="48" y="1" w="4" h="14" xoffs="1"/>
  <char code="42" x="52" y="1" w="4" h="14" xoffs="1"/>
  <char code="43" x="56" y="1" w="6" h="14" xoffs="1"/>
  <char code="44" x="62" y="1" w="3" h="14" xoffs="1"/>
  <char code="45" x="65" y="1" w="4" h="14" xoffs="1"/>
  <char code="46" x="69" y="1" w="3" h="14" xoffs="1"/>
  <char code="47" x="72" y="1" w="3" h="14" xoffs="1"/>
  <char code="48" x="75" y="1" w="6" h="14" xoffs="1"/>
  <char code="49" x="81" y="1" w="6" h="14" xoffs="1"/>
  <char code="50" x="87" y="1" w="6" h="14" xoffs="1"/>
  <char code="51" x="93" y="1" w="6" h="14" xoffs="1"/>
  <char code="52" x="99" y="1" w="6" h="14" xoffs="1"/>
  <char code="53" x="105" y="1" w="6" h="14" xoffs="1"/>
  <char code="54" x="111" y="1" w="6" h="14" xoffs="1"/>
  <char code="55" x="117" y="1" w="6" h="14" xoffs="1"/>
  <char code="56" x="1" y="15" w="6" h="14" xoffs="1"/>
  <char code="57" x="7" y="15" w="6" h="14" xoffs="1"/>
  <char code="58" x="13" y="15" w="3" h="14" xoffs="1"/>
  <char code="59" x="16" y="15" w="3" h="14" xoffs="1"/>
  <char code="60" x="19" y="15" w="6" h="14" xoffs="1"/>
  <char code="61" x="25" y="15" w="6" h="14" xoffs="1"/>
  <char code="62" x="31" y="15" w="6" h="14" xoffs="1"/>
  <char code="63" x="37" y="15" w="6" h="14" xoffs="1"/>
  <char code="64" x="43" y="15" w="11" h="14" xoffs="1"/>
  <char code="65" x="54" y="15" w="8" h="14" xoffs="1"/>
  <char code="66" x="62" y="15" w="7" h="14" xoffs="1"/>
  <char code="67" x="69" y="15" w="7" h="14" xoffs="1"/>
  <char code="68" x="76" y="15" w="7" h="14" xoffs="1"/>
  <char code="69" x="83" y="15" w="6" h="14" xoffs="1"/>
  <char code="70" x="89" y="15" w="6" h="14" xoffs="1"/>
  <char code="71" x="95" y="15" w="8" h="14" xoffs="1"/>
  <char code="72" x="103" y="15" w="7" h="14" xoffs="1"/>
  <char code="73" x="110" y="15" w="2" h="14" xoffs="1"/>
  <char code="74" x="112" y="15" w="5" h="14" xoffs="1"/>
  <char code="75" x="117" y="15" w="7" h="14" xoffs="1"/>
  <char code="76" x="1" y="29" w="6" h="14" xoffs="1"/>
  <char code="77" x="7" y="29" w="8" h="14" xoffs="1"/>
  <char code="78" x="15" y="29" w="7" h="14" xoffs="1"/>
  <char code="79" x="22" y="29" w="8" h="14" xoffs="1"/>
  <char code="80" x="30" y="29" w="6" h="14" xoffs="1"/>
  <char code="81" x="36" y="29" w="8" h="14" xoffs="1"/>
  <char code="82" x="44" y="29" w="7" h="14" xoffs="1"/>
  <char code="83" x="51" y="29" w="7" h="14" xoffs="1"/>
  <char code="84" x="58" y="29" w="6" h="14" xoffs="1"/>
  <char code="85" x="64" y="29" w="7" h="14" xoffs="1"/>
  <char code="86" x="71" y="29" w="8" h="14" xoffs="1"/>
  <char code="87" x="79" y="29" w="10" h="14" xoffs="1"/>
  <char code="88" x="89" y="29" w="7" h="14" xoffs="1"/>
  <char code="89" x="96" y="29" w="8" h="14" xoffs="1"/>
  <char code="90" x="104" y="29" w="7" h="14" xoffs="1"/>
  <char code="91" x="111" y="29" w="3" h="14" xoffs="1"/>
  <char code="92" x="114" y="29" w="3" h="14" xoffs="1"/>
  <char code="93" x="117" y="29" w="3" h="14" xoffs="1"/>
  <char code="94" x="120" y="29" w="5" h="14" xoffs="1"/>
  <char code="95" x="1" y="43" w="6" h="14" xoffs="1"/>
  <char code="96" x="7" y="43" w="4" h="14" xoffs="1"/>
  <char code="97" x="11" y="43" w="6" h="14" xoffs="1"/>
  <char code="98" x="17" y="43" w="6" h="14" xoffs="1"/>
  <char code="99" x="23" y="43" w="6" h="14" xoffs="1"/>
  <char code="100" x="29" y="43" w="6" h="14" xoffs="1"/>
  <char code="101" x="35" y="43" w="6" h="14" xoffs="1"/>
  <char code="102" x="41" y="43" w="4" h="14" xoffs="1"/>
  <char code="103" x="45" y="43" w="6" h="14" xoffs="1"/>
  <char code="104" x="51" y="43" w="6" h="14" xoffs="1"/>
  <char code="105" x="57" y="43" w="2" h="14" xoffs="1"/>
  <char code="106" x="59" y="43" w="2" h="14" xoffs="1"/>
  <char code="107" x="61" y="43" w="5" h="14" xoffs="1"/>
  <char code="108" x="66" y="43" w="2" h="14" xoffs="1"/>
  <char code="109" x="68" y="43" w="8" h="14" xoffs="1"/>
  <char code="110" x="76" y="43" w="6" h="14" xoffs="1"/>
  <char code="111" x="82" y="43" w="6" h="14" xoffs="1"/>
  <char code="112" x="88" y="43" w="6" h="14" xoffs="1"/>
  <char code="113" x="94" y="43" w="6" h="14" xoffs="1"/>
  <char code="114" x="100" y="43" w="4" h="14" xoffs="1"/>
  <char code="115" x="104" y="43" w="6" h="14" xoffs="1"/>
  <char code="116" x="110" y="43" w="3" h="14" xoffs="1"/>
  <char code="117" x="113" y="43" w="6" h="14" xoffs="1"/>
  <char code="118" x="119" y="43" w="6" h="14" xoffs="1"/>
  <char code="119" x="1" y="57" w="10" h="14" xoffs="1"/>
  <char code="120" x="11" y="57" w="6" h="14" xoffs="1"/>
  <char code="121" x="17" y="57" w="6" h="14" xoffs="1"/>
  <char code="122" x="23" y="57" w="6" h="14" xoffs="1"/>
  <char code="123" x="29" y="57" w="4" h="14" xoffs="1"/>
  <char code="124" x="33" y="57" w="2" h="14" xoffs="1"/>
  <char code="125" x="35" y="57" w="4" h="14" xoffs="1"/>
  <char code="126" x="39" y="57" w="6" h="14" xoffs="1"/>
  <char code="127" x="45" y="57" w="8" h="14" xoffs="1"/>
  <char code="128" x="53" y="57" w="0" h="14" xoffs="1"/>
</SGL-BMF>
