<?xml version="1.0" encoding="UTF-8"?>

<SGL-BMF version="1.00">
  <name>consolas-12</name>
  <size>12</size>
  <italic>0</italic>
  <bold>0</bold>
  <block x="1" y="1" w="4" h="18" xoffs="1"/>
  <yoffs>19</yoffs>
  <chars>97</chars>
  <char code="32" x="5" y="1" w="4" h="18" xoffs="1"/>
  <char code="33" x="9" y="1" w="5" h="18" xoffs="1"/>
  <char code="34" x="14" y="1" w="6" h="18" xoffs="1"/>
  <char code="35" x="20" y="1" w="9" h="18" xoffs="1"/>
  <char code="36" x="29" y="1" w="9" h="18" xoffs="1"/>
  <char code="37" x="38" y="1" w="14" h="18" xoffs="1"/>
  <char code="38" x="52" y="1" w="11" h="18" xoffs="1"/>
  <char code="39" x="63" y="1" w="3" h="18" xoffs="1"/>
  <char code="40" x="66" y="1" w="5" h="18" xoffs="1"/>
  <char code="41" x="71" y="1" w="5" h="18" xoffs="1"/>
  <char code="42" x="76" y="1" w="6" h="18" xoffs="1"/>
  <char code="43" x="82" y="1" w="9" h="18" xoffs="1"/>
  <char code="44" x="91" y="1" w="4" h="18" xoffs="1"/>
  <char code="45" x="95" y="1" w="5" h="18" xoffs="1"/>
  <char code="46" x="100" y="1" w="4" h="18" xoffs="1"/>
  <char code="47" x="104" y="1" w="4" h="18" xoffs="1"/>
  <char code="48" x="108" y="1" w="9" h="18" xoffs="1"/>
  <char code="49" x="117" y="1" w="9" h="18" xoffs="1"/>
  <char code="50" x="1" y="19" w="9" h="18" xoffs="1"/>
  <char code="51" x="10" y="19" w="9" h="18" xoffs="1"/>
  <char code="52" x="19" y="19" w="9" h="18" xoffs="1"/>
  <char code="53" x="28" y="19" w="9" h="18" xoffs="1"/>
  <char code="54" x="37" y="19" w="9" h="18" xoffs="1"/>
  <char code="55" x="46" y="19" w="9" h="18" xoffs="1"/>
  <char code="56" x="55" y="19" w="9" h="18" xoffs="1"/>
  <char code="57" x="64" y="19" w="9" h="18" xoffs="1"/>
  <char code="58" x="73" y="19" w="4" h="18" xoffs="1"/>
  <char code="59" x="77" y="19" w="4" h="18" xoffs="1"/>
  <char code="60" x="81" y="19" w="9" h="18" xoffs="1"/>
  <char code="61" x="90" y="19" w="9" h="18" xoffs="1"/>
  <char code="62" x="99" y="19" w="9" h="18" xoffs="1"/>
  <char code="63" x="108" y="19" w="9" h="18" xoffs="1"/>
  <char code="64" x="1" y="37" w="16" h="18" xoffs="1"/>
  <char code="65" x="17" y="37" w="11" h="18" xoffs="1"/>
  <char code="66" x="28" y="37" w="11" h="18" xoffs="1"/>
  <char code="67" x="39" y="37" w="12" h="18" xoffs="1"/>
  <char code="68" x="51" y="37" w="12" h="18" xoffs="1"/>
  <char code="69" x="63" y="37" w="11" h="18" xoffs="1"/>
  <char code="70" x="74" y="37" w="10" h="18" xoffs="1"/>
  <char code="71" x="84" y="37" w="12" h="18" xoffs="1"/>
  <char code="72" x="96" y="37" w="11" h="18" xoffs="1"/>
  <char code="73" x="107" y="37" w="3" h="18" xoffs="1"/>
  <char code="74" x="110" y="37" w="8" h="18" xoffs="1"/>
  <char code="75" x="1" y="55" w="11" h="18" xoffs="1"/>
  <char code="76" x="12" y="55" w="9" h="18" xoffs="1"/>
  <char code="77" x="21" y="55" w="13" h="18" xoffs="1"/>
  <char code="78" x="34" y="55" w="11" h="18" xoffs="1"/>
  <char code="79" x="45" y="55" w="12" h="18" xoffs="1"/>
  <char code="80" x="57" y="55" w="11" h="18" xoffs="1"/>
  <char code="81" x="68" y="55" w="12" h="18" xoffs="1"/>
  <char code="82" x="80" y="55" w="11" h="18" xoffs="1"/>
  <char code="83" x="91" y="55" w="11" h="18" xoffs="1"/>
  <char code="84" x="102" y="55" w="9" h="18" xoffs="1"/>
  <char code="85" x="111" y="55" w="11" h="18" xoffs="1"/>
  <char code="86" x="1" y="73" w="11" h="18" xoffs="1"/>
  <char code="87" x="12" y="73" w="15" h="18" xoffs="1"/>
  <char code="88" x="27" y="73" w="11" h="18" xoffs="1"/>
  <char code="89" x="38" y="73" w="9" h="18" xoffs="1"/>
  <char code="90" x="47" y="73" w="9" h="18" xoffs="1"/>
  <char code="91" x="56" y="73" w="4" h="18" xoffs="1"/>
  <char code="92" x="60" y="73" w="4" h="18" xoffs="1"/>
  <char code="93" x="64" y="73" w="4" h="18" xoffs="1"/>
  <char code="94" x="68" y="73" w="7" h="18" xoffs="1"/>
  <char code="95" x="75" y="73" w="9" h="18" xoffs="1"/>
  <char code="96" x="84" y="73" w="5" h="18" xoffs="1"/>
  <char code="97" x="89" y="73" w="9" h="18" xoffs="1"/>
  <char code="98" x="98" y="73" w="9" h="18" xoffs="1"/>
  <char code="99" x="107" y="73" w="8" h="18" xoffs="1"/>
  <char code="100" x="115" y="73" w="9" h="18" xoffs="1"/>
  <char code="101" x="1" y="91" w="9" h="18" xoffs="1"/>
  <char code="102" x="10" y="91" w="4" h="18" xoffs="1"/>
  <char code="103" x="14" y="91" w="9" h="18" xoffs="1"/>
  <char code="104" x="23" y="91" w="8" h="18" xoffs="1"/>
  <char code="105" x="31" y="91" w="4" h="18" xoffs="1"/>
  <char code="106" x="35" y="91" w="3" h="18" xoffs="1"/>
  <char code="107" x="38" y="91" w="8" h="18" xoffs="1"/>
  <char code="108" x="46" y="91" w="3" h="18" xoffs="1"/>
  <char code="109" x="49" y="91" w="13" h="18" xoffs="1"/>
  <char code="110" x="62" y="91" w="8" h="18" xoffs="1"/>
  <char code="111" x="70" y="91" w="9" h="18" xoffs="1"/>
  <char code="112" x="79" y="91" w="9" h="18" xoffs="1"/>
  <char code="113" x="88" y="91" w="9" h="18" xoffs="1"/>
  <char code="114" x="97" y="91" w="5" h="18" xoffs="1"/>
  <char code="115" x="102" y="91" w="8" h="18" xoffs="1"/>
  <char code="116" x="110" y="91" w="4" h="18" xoffs="1"/>
  <char code="117" x="114" y="91" w="8" h="18" xoffs="1"/>
  <char code="118" x="1" y="109" w="7" h="18" xoffs="1"/>
  <char code="119" x="8" y="109" w="11" h="18" xoffs="1"/>
  <char code="120" x="19" y="109" w="7" h="18" xoffs="1"/>
  <char code="121" x="26" y="109" w="7" h="18" xoffs="1"/>
  <char code="122" x="33" y="109" w="7" h="18" xoffs="1"/>
  <char code="123" x="40" y="109" w="5" h="18" xoffs="1"/>
  <char code="124" x="45" y="109" w="3" h="18" xoffs="1"/>
  <char code="125" x="48" y="109" w="5" h="18" xoffs="1"/>
  <char code="126" x="53" y="109" w="9" h="18" xoffs="1"/>
  <char code="127" x="62" y="109" w="12" h="18" xoffs="1"/>
  <char code="128" x="74" y="109" w="0" h="18" xoffs="1"/>
</SGL-BMF>
