<?xml version="1.0" encoding="UTF-8"?>

<SGL-BMF version="1.00">
  <name>consolas-9</name>
  <size>9</size>
  <italic>0</italic>
  <bold>0</bold>
  <block x="1" y="1" w="3" h="15" xoffs="1"/>
  <yoffs>16</yoffs>
  <chars>97</chars>
  <char code="32" x="4" y="1" w="3" h="15" xoffs="1"/>
  <char code="33" x="7" y="1" w="3" h="15" xoffs="1"/>
  <char code="34" x="10" y="1" w="4" h="15" xoffs="1"/>
  <char code="35" x="14" y="1" w="7" h="15" xoffs="1"/>
  <char code="36" x="21" y="1" w="7" h="15" xoffs="1"/>
  <char code="37" x="28" y="1" w="11" h="15" xoffs="1"/>
  <char code="38" x="39" y="1" w="8" h="15" xoffs="1"/>
  <char code="39" x="47" y="1" w="2" h="15" xoffs="1"/>
  <char code="40" x="49" y="1" w="4" h="15" xoffs="1"/>
  <char code="41" x="53" y="1" w="4" h="15" xoffs="1"/>
  <char code="42" x="57" y="1" w="5" h="15" xoffs="1"/>
  <char code="43" x="62" y="1" w="7" h="15" xoffs="1"/>
  <char code="44" x="69" y="1" w="3" h="15" xoffs="1"/>
  <char code="45" x="72" y="1" w="4" h="15" xoffs="1"/>
  <char code="46" x="76" y="1" w="3" h="15" xoffs="1"/>
  <char code="47" x="79" y="1" w="3" h="15" xoffs="1"/>
  <char code="48" x="82" y="1" w="7" h="15" xoffs="1"/>
  <char code="49" x="89" y="1" w="7" h="15" xoffs="1"/>
  <char code="50" x="96" y="1" w="7" h="15" xoffs="1"/>
  <char code="51" x="103" y="1" w="7" h="15" xoffs="1"/>
  <char code="52" x="110" y="1" w="7" h="15" xoffs="1"/>
  <char code="53" x="117" y="1" w="7" h="15" xoffs="1"/>
  <char code="54" x="1" y="16" w="7" h="15" xoffs="1"/>
  <char code="55" x="8" y="16" w="7" h="15" xoffs="1"/>
  <char code="56" x="15" y="16" w="7" h="15" xoffs="1"/>
  <char code="57" x="22" y="16" w="7" h="15" xoffs="1"/>
  <char code="58" x="29" y="16" w="3" h="15" xoffs="1"/>
  <char code="59" x="32" y="16" w="3" h="15" xoffs="1"/>
  <char code="60" x="35" y="16" w="7" h="15" xoffs="1"/>
  <char code="61" x="42" y="16" w="7" h="15" xoffs="1"/>
  <char code="62" x="49" y="16" w="7" h="15" xoffs="1"/>
  <char code="63" x="56" y="16" w="7" h="15" xoffs="1"/>
  <char code="64" x="63" y="16" w="12" h="15" xoffs="1"/>
  <char code="65" x="75" y="16" w="7" h="15" xoffs="1"/>
  <char code="66" x="82" y="16" w="8" h="15" xoffs="1"/>
  <char code="67" x="90" y="16" w="9" h="15" xoffs="1"/>
  <char code="68" x="99" y="16" w="9" h="15" xoffs="1"/>
  <char code="69" x="108" y="16" w="8" h="15" xoffs="1"/>
  <char code="70" x="116" y="16" w="7" h="15" xoffs="1"/>
  <char code="71" x="1" y="31" w="9" h="15" xoffs="1"/>
  <char code="72" x="10" y="31" w="9" h="15" xoffs="1"/>
  <char code="73" x="19" y="31" w="3" h="15" xoffs="1"/>
  <char code="74" x="22" y="31" w="6" h="15" xoffs="1"/>
  <char code="75" x="28" y="31" w="8" h="15" xoffs="1"/>
  <char code="76" x="36" y="31" w="7" h="15" xoffs="1"/>
  <char code="77" x="43" y="31" w="9" h="15" xoffs="1"/>
  <char code="78" x="52" y="31" w="9" h="15" xoffs="1"/>
  <char code="79" x="61" y="31" w="9" h="15" xoffs="1"/>
  <char code="80" x="70" y="31" w="8" h="15" xoffs="1"/>
  <char code="81" x="78" y="31" w="9" h="15" xoffs="1"/>
  <char code="82" x="87" y="31" w="9" h="15" xoffs="1"/>
  <char code="83" x="96" y="31" w="8" h="15" xoffs="1"/>
  <char code="84" x="104" y="31" w="7" h="15" xoffs="1"/>
  <char code="85" x="111" y="31" w="9" h="15" xoffs="1"/>
  <char code="86" x="120" y="31" w="7" h="15" xoffs="1"/>
  <char code="87" x="1" y="46" w="11" h="15" xoffs="1"/>
  <char code="88" x="12" y="46" w="7" h="15" xoffs="1"/>
  <char code="89" x="19" y="46" w="7" h="15" xoffs="1"/>
  <char code="90" x="26" y="46" w="7" h="15" xoffs="1"/>
  <char code="91" x="33" y="46" w="3" h="15" xoffs="1"/>
  <char code="92" x="36" y="46" w="3" h="15" xoffs="1"/>
  <char code="93" x="39" y="46" w="3" h="15" xoffs="1"/>
  <char code="94" x="42" y="46" w="5" h="15" xoffs="1"/>
  <char code="95" x="47" y="46" w="7" h="15" xoffs="1"/>
  <char code="96" x="54" y="46" w="4" h="15" xoffs="1"/>
  <char code="97" x="58" y="46" w="7" h="15" xoffs="1"/>
  <char code="98" x="65" y="46" w="7" h="15" xoffs="1"/>
  <char code="99" x="72" y="46" w="6" h="15" xoffs="1"/>
  <char code="100" x="78" y="46" w="7" h="15" xoffs="1"/>
  <char code="101" x="85" y="46" w="7" h="15" xoffs="1"/>
  <char code="102" x="92" y="46" w="3" h="15" xoffs="1"/>
  <char code="103" x="95" y="46" w="7" h="15" xoffs="1"/>
  <char code="104" x="102" y="46" w="7" h="15" xoffs="1"/>
  <char code="105" x="109" y="46" w="3" h="15" xoffs="1"/>
  <char code="106" x="112" y="46" w="3" h="15" xoffs="1"/>
  <char code="107" x="115" y="46" w="6" h="15" xoffs="1"/>
  <char code="108" x="121" y="46" w="3" h="15" xoffs="1"/>
  <char code="109" x="1" y="61" w="11" h="15" xoffs="1"/>
  <char code="110" x="12" y="61" w="7" h="15" xoffs="1"/>
  <char code="111" x="19" y="61" w="7" h="15" xoffs="1"/>
  <char code="112" x="26" y="61" w="7" h="15" xoffs="1"/>
  <char code="113" x="33" y="61" w="7" h="15" xoffs="1"/>
  <char code="114" x="40" y="61" w="4" h="15" xoffs="1"/>
  <char code="115" x="44" y="61" w="7" h="15" xoffs="1"/>
  <char code="116" x="51" y="61" w="3" h="15" xoffs="1"/>
  <char code="117" x="54" y="61" w="7" h="15" xoffs="1"/>
  <char code="118" x="61" y="61" w="5" h="15" xoffs="1"/>
  <char code="119" x="66" y="61" w="9" h="15" xoffs="1"/>
  <char code="120" x="75" y="61" w="5" h="15" xoffs="1"/>
  <char code="121" x="80" y="61" w="5" h="15" xoffs="1"/>
  <char code="122" x="85" y="61" w="5" h="15" xoffs="1"/>
  <char code="123" x="90" y="61" w="4" h="15" xoffs="1"/>
  <char code="124" x="94" y="61" w="3" h="15" xoffs="1"/>
  <char code="125" x="97" y="61" w="4" h="15" xoffs="1"/>
  <char code="126" x="101" y="61" w="7" h="15" xoffs="1"/>
  <char code="127" x="108" y="61" w="9" h="15" xoffs="1"/>
  <char code="128" x="117" y="61" w="0" h="15" xoffs="1"/>
</SGL-BMF>
