<?xml version="1.0" encoding="UTF-8"?>

<SGL-BMF version="1.00">
  <name>Videophreak</name>
  <size>16</size>
  <italic>0</italic>
  <bold>0</bold>
  <block x="1" y="1" w="8" h="27" xoffs="1"/>
  <yoffs>28</yoffs>
  <chars>97</chars>
  <char code="32" x="9" y="1" w="8" h="27" xoffs="1"/>
  <char code="33" x="17" y="1" w="6" h="27" xoffs="1"/>
  <char code="34" x="23" y="1" w="7" h="27" xoffs="1"/>
  <char code="35" x="30" y="1" w="13" h="27" xoffs="1"/>
  <char code="36" x="43" y="1" w="12" h="27" xoffs="1"/>
  <char code="37" x="55" y="1" w="15" h="27" xoffs="1"/>
  <char code="38" x="70" y="1" w="12" h="27" xoffs="1"/>
  <char code="39" x="82" y="1" w="2" h="27" xoffs="1"/>
  <char code="40" x="84" y="1" w="8" h="27" xoffs="1"/>
  <char code="41" x="92" y="1" w="9" h="27" xoffs="1"/>
  <char code="42" x="101" y="1" w="8" h="27" xoffs="1"/>
  <char code="43" x="109" y="1" w="8" h="27" xoffs="1"/>
  <char code="44" x="117" y="1" w="6" h="27" xoffs="1"/>
  <char code="45" x="123" y="1" w="11" h="27" xoffs="1"/>
  <char code="46" x="134" y="1" w="6" h="27" xoffs="1"/>
  <char code="47" x="140" y="1" w="7" h="27" xoffs="1"/>
  <char code="48" x="147" y="1" w="15" h="27" xoffs="1"/>
  <char code="49" x="162" y="1" w="6" h="27" xoffs="1"/>
  <char code="50" x="168" y="1" w="15" h="27" xoffs="1"/>
  <char code="51" x="1" y="28" w="15" h="27" xoffs="1"/>
  <char code="52" x="16" y="28" w="15" h="27" xoffs="1"/>
  <char code="53" x="31" y="28" w="15" h="27" xoffs="1"/>
  <char code="54" x="46" y="28" w="15" h="27" xoffs="1"/>
  <char code="55" x="61" y="28" w="15" h="27" xoffs="1"/>
  <char code="56" x="76" y="28" w="15" h="27" xoffs="1"/>
  <char code="57" x="91" y="28" w="15" h="27" xoffs="1"/>
  <char code="58" x="106" y="28" w="6" h="27" xoffs="1"/>
  <char code="59" x="112" y="28" w="6" h="27" xoffs="1"/>
  <char code="60" x="118" y="28" w="6" h="27" xoffs="1"/>
  <char code="61" x="124" y="28" w="10" h="27" xoffs="1"/>
  <char code="62" x="134" y="28" w="6" h="27" xoffs="1"/>
  <char code="63" x="140" y="28" w="12" h="27" xoffs="1"/>
  <char code="64" x="152" y="28" w="17" h="27" xoffs="1"/>
  <char code="65" x="169" y="28" w="15" h="27" xoffs="1"/>
  <char code="66" x="1" y="55" w="15" h="27" xoffs="1"/>
  <char code="67" x="16" y="55" w="15" h="27" xoffs="1"/>
  <char code="68" x="31" y="55" w="15" h="27" xoffs="1"/>
  <char code="69" x="46" y="55" w="14" h="27" xoffs="1"/>
  <char code="70" x="60" y="55" w="14" h="27" xoffs="1"/>
  <char code="71" x="74" y="55" w="15" h="27" xoffs="1"/>
  <char code="72" x="89" y="55" w="15" h="27" xoffs="1"/>
  <char code="73" x="104" y="55" w="12" h="27" xoffs="1"/>
  <char code="74" x="116" y="55" w="15" h="27" xoffs="1"/>
  <char code="75" x="131" y="55" w="15" h="27" xoffs="1"/>
  <char code="76" x="146" y="55" w="14" h="27" xoffs="1"/>
  <char code="77" x="160" y="55" w="20" h="27" xoffs="1"/>
  <char code="78" x="1" y="82" w="15" h="27" xoffs="1"/>
  <char code="79" x="16" y="82" w="15" h="27" xoffs="1"/>
  <char code="80" x="31" y="82" w="14" h="27" xoffs="1"/>
  <char code="81" x="45" y="82" w="15" h="27" xoffs="1"/>
  <char code="82" x="60" y="82" w="15" h="27" xoffs="1"/>
  <char code="83" x="75" y="82" w="15" h="27" xoffs="1"/>
  <char code="84" x="90" y="82" w="13" h="27" xoffs="1"/>
  <char code="85" x="103" y="82" w="15" h="27" xoffs="1"/>
  <char code="86" x="118" y="82" w="15" h="27" xoffs="1"/>
  <char code="87" x="133" y="82" w="20" h="27" xoffs="1"/>
  <char code="88" x="153" y="82" w="15" h="27" xoffs="1"/>
  <char code="89" x="168" y="82" w="15" h="27" xoffs="1"/>
  <char code="90" x="1" y="109" w="15" h="27" xoffs="1"/>
  <char code="91" x="16" y="109" w="8" h="27" xoffs="1"/>
  <char code="92" x="24" y="109" w="8" h="27" xoffs="1"/>
  <char code="93" x="32" y="109" w="8" h="27" xoffs="1"/>
  <char code="94" x="40" y="109" w="7" h="27" xoffs="1"/>
  <char code="95" x="47" y="109" w="13" h="27" xoffs="1"/>
  <char code="96" x="60" y="109" w="4" h="27" xoffs="1"/>
  <char code="97" x="64" y="109" w="13" h="27" xoffs="1"/>
  <char code="98" x="77" y="109" w="13" h="27" xoffs="1"/>
  <char code="99" x="90" y="109" w="13" h="27" xoffs="1"/>
  <char code="100" x="103" y="109" w="13" h="27" xoffs="1"/>
  <char code="101" x="116" y="109" w="13" h="27" xoffs="1"/>
  <char code="102" x="129" y="109" w="10" h="27" xoffs="1"/>
  <char code="103" x="139" y="109" w="13" h="27" xoffs="1"/>
  <char code="104" x="152" y="109" w="13" h="27" xoffs="1"/>
  <char code="105" x="165" y="109" w="6" h="27" xoffs="1"/>
  <char code="106" x="171" y="109" w="9" h="27" xoffs="1"/>
  <char code="107" x="1" y="136" w="13" h="27" xoffs="1"/>
  <char code="108" x="14" y="136" w="8" h="27" xoffs="1"/>
  <char code="109" x="22" y="136" w="20" h="27" xoffs="1"/>
  <char code="110" x="42" y="136" w="15" h="27" xoffs="1"/>
  <char code="111" x="57" y="136" w="15" h="27" xoffs="1"/>
  <char code="112" x="72" y="136" w="13" h="27" xoffs="1"/>
  <char code="113" x="85" y="136" w="13" h="27" xoffs="1"/>
  <char code="114" x="98" y="136" w="10" h="27" xoffs="1"/>
  <char code="115" x="108" y="136" w="13" h="27" xoffs="1"/>
  <char code="116" x="121" y="136" w="12" h="27" xoffs="1"/>
  <char code="117" x="133" y="136" w="13" h="27" xoffs="1"/>
  <char code="118" x="146" y="136" w="13" h="27" xoffs="1"/>
  <char code="119" x="159" y="136" w="20" h="27" xoffs="1"/>
  <char code="120" x="1" y="163" w="15" h="27" xoffs="1"/>
  <char code="121" x="16" y="163" w="13" h="27" xoffs="1"/>
  <char code="122" x="29" y="163" w="13" h="27" xoffs="1"/>
  <char code="123" x="42" y="163" w="9" h="27" xoffs="1"/>
  <char code="124" x="51" y="163" w="4" h="27" xoffs="1"/>
  <char code="125" x="55" y="163" w="9" h="27" xoffs="1"/>
  <char code="126" x="64" y="163" w="10" h="27" xoffs="1"/>
  <char code="127" x="74" y="163" w="11" h="27" xoffs="1"/>
  <char code="128" x="85" y="163" w="0" h="27" xoffs="1"/>
</SGL-BMF>
