<?xml version="1.0" encoding="UTF-8"?>

<SGL-BMF version="1.00">
  <name>consolas-10</name>
  <size>10</size>
  <italic>0</italic>
  <bold>0</bold>
  <block x="1" y="1" w="4" h="16" xoffs="1"/>
  <yoffs>17</yoffs>
  <chars>97</chars>
  <char code="32" x="5" y="1" w="4" h="16" xoffs="1"/>
  <char code="33" x="9" y="1" w="3" h="16" xoffs="1"/>
  <char code="34" x="12" y="1" w="5" h="16" xoffs="1"/>
  <char code="35" x="17" y="1" w="7" h="16" xoffs="1"/>
  <char code="36" x="24" y="1" w="7" h="16" xoffs="1"/>
  <char code="37" x="31" y="1" w="12" h="16" xoffs="1"/>
  <char code="38" x="43" y="1" w="9" h="16" xoffs="1"/>
  <char code="39" x="52" y="1" w="2" h="16" xoffs="1"/>
  <char code="40" x="54" y="1" w="4" h="16" xoffs="1"/>
  <char code="41" x="58" y="1" w="4" h="16" xoffs="1"/>
  <char code="42" x="62" y="1" w="5" h="16" xoffs="1"/>
  <char code="43" x="67" y="1" w="8" h="16" xoffs="1"/>
  <char code="44" x="75" y="1" w="4" h="16" xoffs="1"/>
  <char code="45" x="79" y="1" w="4" h="16" xoffs="1"/>
  <char code="46" x="83" y="1" w="4" h="16" xoffs="1"/>
  <char code="47" x="87" y="1" w="4" h="16" xoffs="1"/>
  <char code="48" x="91" y="1" w="7" h="16" xoffs="1"/>
  <char code="49" x="98" y="1" w="7" h="16" xoffs="1"/>
  <char code="50" x="105" y="1" w="7" h="16" xoffs="1"/>
  <char code="51" x="112" y="1" w="7" h="16" xoffs="1"/>
  <char code="52" x="119" y="1" w="7" h="16" xoffs="1"/>
  <char code="53" x="1" y="17" w="7" h="16" xoffs="1"/>
  <char code="54" x="8" y="17" w="7" h="16" xoffs="1"/>
  <char code="55" x="15" y="17" w="7" h="16" xoffs="1"/>
  <char code="56" x="22" y="17" w="7" h="16" xoffs="1"/>
  <char code="57" x="29" y="17" w="7" h="16" xoffs="1"/>
  <char code="58" x="36" y="17" w="4" h="16" xoffs="1"/>
  <char code="59" x="40" y="17" w="4" h="16" xoffs="1"/>
  <char code="60" x="44" y="17" w="8" h="16" xoffs="1"/>
  <char code="61" x="52" y="17" w="8" h="16" xoffs="1"/>
  <char code="62" x="60" y="17" w="8" h="16" xoffs="1"/>
  <char code="63" x="68" y="17" w="7" h="16" xoffs="1"/>
  <char code="64" x="75" y="17" w="13" h="16" xoffs="1"/>
  <char code="65" x="88" y="17" w="9" h="16" xoffs="1"/>
  <char code="66" x="97" y="17" w="9" h="16" xoffs="1"/>
  <char code="67" x="106" y="17" w="9" h="16" xoffs="1"/>
  <char code="68" x="115" y="17" w="9" h="16" xoffs="1"/>
  <char code="69" x="1" y="33" w="9" h="16" xoffs="1"/>
  <char code="70" x="10" y="33" w="8" h="16" xoffs="1"/>
  <char code="71" x="18" y="33" w="10" h="16" xoffs="1"/>
  <char code="72" x="28" y="33" w="9" h="16" xoffs="1"/>
  <char code="73" x="37" y="33" w="3" h="16" xoffs="1"/>
  <char code="74" x="40" y="33" w="6" h="16" xoffs="1"/>
  <char code="75" x="46" y="33" w="9" h="16" xoffs="1"/>
  <char code="76" x="55" y="33" w="7" h="16" xoffs="1"/>
  <char code="77" x="62" y="33" w="11" h="16" xoffs="1"/>
  <char code="78" x="73" y="33" w="9" h="16" xoffs="1"/>
  <char code="79" x="82" y="33" w="10" h="16" xoffs="1"/>
  <char code="80" x="92" y="33" w="9" h="16" xoffs="1"/>
  <char code="81" x="101" y="33" w="10" h="16" xoffs="1"/>
  <char code="82" x="111" y="33" w="9" h="16" xoffs="1"/>
  <char code="83" x="1" y="49" w="9" h="16" xoffs="1"/>
  <char code="84" x="10" y="49" w="7" h="16" xoffs="1"/>
  <char code="85" x="17" y="49" w="9" h="16" xoffs="1"/>
  <char code="86" x="26" y="49" w="9" h="16" xoffs="1"/>
  <char code="87" x="35" y="49" w="13" h="16" xoffs="1"/>
  <char code="88" x="48" y="49" w="7" h="16" xoffs="1"/>
  <char code="89" x="55" y="49" w="9" h="16" xoffs="1"/>
  <char code="90" x="64" y="49" w="7" h="16" xoffs="1"/>
  <char code="91" x="71" y="49" w="4" h="16" xoffs="1"/>
  <char code="92" x="75" y="49" w="4" h="16" xoffs="1"/>
  <char code="93" x="79" y="49" w="4" h="16" xoffs="1"/>
  <char code="94" x="83" y="49" w="5" h="16" xoffs="1"/>
  <char code="95" x="88" y="49" w="7" h="16" xoffs="1"/>
  <char code="96" x="95" y="49" w="4" h="16" xoffs="1"/>
  <char code="97" x="99" y="49" w="7" h="16" xoffs="1"/>
  <char code="98" x="106" y="49" w="7" h="16" xoffs="1"/>
  <char code="99" x="113" y="49" w="7" h="16" xoffs="1"/>
  <char code="100" x="120" y="49" w="7" h="16" xoffs="1"/>
  <char code="101" x="1" y="65" w="7" h="16" xoffs="1"/>
  <char code="102" x="8" y="65" w="3" h="16" xoffs="1"/>
  <char code="103" x="11" y="65" w="7" h="16" xoffs="1"/>
  <char code="104" x="18" y="65" w="7" h="16" xoffs="1"/>
  <char code="105" x="25" y="65" w="3" h="16" xoffs="1"/>
  <char code="106" x="28" y="65" w="3" h="16" xoffs="1"/>
  <char code="107" x="31" y="65" w="7" h="16" xoffs="1"/>
  <char code="108" x="38" y="65" w="3" h="16" xoffs="1"/>
  <char code="109" x="41" y="65" w="11" h="16" xoffs="1"/>
  <char code="110" x="52" y="65" w="7" h="16" xoffs="1"/>
  <char code="111" x="59" y="65" w="7" h="16" xoffs="1"/>
  <char code="112" x="66" y="65" w="7" h="16" xoffs="1"/>
  <char code="113" x="73" y="65" w="7" h="16" xoffs="1"/>
  <char code="114" x="80" y="65" w="4" h="16" xoffs="1"/>
  <char code="115" x="84" y="65" w="7" h="16" xoffs="1"/>
  <char code="116" x="91" y="65" w="4" h="16" xoffs="1"/>
  <char code="117" x="95" y="65" w="7" h="16" xoffs="1"/>
  <char code="118" x="102" y="65" w="5" h="16" xoffs="1"/>
  <char code="119" x="107" y="65" w="9" h="16" xoffs="1"/>
  <char code="120" x="116" y="65" w="7" h="16" xoffs="1"/>
  <char code="121" x="1" y="81" w="7" h="16" xoffs="1"/>
  <char code="122" x="8" y="81" w="7" h="16" xoffs="1"/>
  <char code="123" x="15" y="81" w="4" h="16" xoffs="1"/>
  <char code="124" x="19" y="81" w="3" h="16" xoffs="1"/>
  <char code="125" x="22" y="81" w="4" h="16" xoffs="1"/>
  <char code="126" x="26" y="81" w="8" h="16" xoffs="1"/>
  <char code="127" x="34" y="81" w="10" h="16" xoffs="1"/>
  <char code="128" x="44" y="81" w="0" h="16" xoffs="1"/>
</SGL-BMF>
